{
  "x": [
    -4,
    -3,
    -2,
    -1,
    0,
    1,
    2,
    3,
    4
  ],
  "y": [
    0.1353352832366127,
    0.32465246735834974,
    0.6065306597126334,
    0.8824969025845955,
    1,
    0.8824969025845955,
    0.6065306597126334,
    0.32465246735834974,
    0.1353352832366127
  ]
}
